{
  "project_info": {
    "project_number": "740851633744",
    "project_id": "saitmediator",
    "storage_bucket": "saitmediator.appspot.com"
  },
  "client": [
    {
      "client_info": {
        "mobilesdk_app_id": "1:740851633744:android:67779fc8bf7eaa3d554b55",
        "android_client_info": {
          "package_name": "com.devSait.saitMediator"
        }
      },
      "oauth_client": [
        {
          "client_id": "740851633744-517iaq2pvclmm1iq3hdhoeu38ra98r86.apps.googleusercontent.com",
          "client_type": 3
        }
      ],
      "api_key": [
        {
          "current_key": "AIzaSyDxsSYtpcyN1NpB0ibogeO2nZP9Jn4wVFM"
        }
      ],
      "services": {
        "appinvite_service": {
          "other_platform_oauth_client": [
            {
              "client_id": "740851633744-517iaq2pvclmm1iq3hdhoeu38ra98r86.apps.googleusercontent.com",
              "client_type": 3
            }
          ]
        }
      }
    }
  ],
  "configuration_version": "1"
}